,word
0,محل
1,مادر
2,باد
3,صهیونیستی
4,مثل
5,جانبی
6,کنید
7,جان
8,احیانا
9,واحدهای
10,جسمی
11,نظام
12,فرزندان
13,نسل‌ها
14,تکمیل
15,لازم
16,کار
17,پندآموز
18,بنیان
19,مشخص
20,تبلیغات
21,میزبان
22,ریالی
23,توانسته_است
24,وزیری
25,لرستان
26,انقلاب
27,هایش
28,کارکنان
29,همی
30,یادآور
31,وگو
32,درباره‌ی
33,مدبر
34,ژنرال
35,متدین
36,جنگ
37,غزه
38,جمهوریخواهان
39,پیش
40,عشایری
41,بادیگارد
42,بافت‌های
43,مناسبتی
44,ترکیه
45,پشت
46,مسافران
47,برزیل
48,سر
49,لذا
50,اشتباه
51,شهید
52,نوعی
53,باری
54,میخواهم
55,شکمی
56,می‌داند
57,غیرنظامیان
58,چرا
59,دستکاری‌های
60,مصنوعی
61,مقام‌های
62,مشاوران
63,برشمرد
64,موثری
65,بازرسی
66,میهمان
67,اینترنتی
68,صادق
69,نو
70,عراق
71,نیافتن
72,ایام
73,اخبار
74,بیمه
75,نمی‌توان
76,مربوط
77,اکنون
78,این
79,چنین
80,لزوم
81,غرق
82,می‌زده
83,دیده_نمی‌شود
84,بازگشت
85,رسوایی
86,مسئلت
87,فساد
88,برنامه
89,زاهدان
90,تجدد
91,سفید
92,شلوغی
93,فیلم
94,موفق
95,قانون
96,استقبال
97,عسگری
98,حداکثری
99,روال
100,اعتبارات
101,متهم
102,ا
103,طرحی
104,سنگالی
105,هزینه
106,معلمان
107,مجاری
108,می‌آموزد
109,درواقع
110,دستخوش
111,می‌ریزد
112,فن
113,داد
114,الگوی
115,حامیان
116,تعلق
117,موفق‌ترین
118,افق
119,ایرانی‌ها
120,نوزاد
121,یا
122,هایشان
123,جراحی
124,صهیونیست‌ها
125,هنرمند
126,مسکونی
127,هایی
128,پروازها
129,بگذرانید
130,ویران
131,پرشور
132,طریق
133,الاحوال
134,تقاضای
135,مصرف
136,حریت
137,وار
138,اشاره
139,اوهایو
140,رشد
141,مزایای
142,جمعیتی
143,مشکل
144,اولویت
145,خرمی
146,رقیب
147,اخلاق
148,ائتلاف
149,مجاز
150,تقوای
151,می‌توان
152,پیگیر
153,مقدار
154,بوک
155,ایرج
156,جدید
157,وارد
158,می‌کشد
159,خبری
160,قول
161,ارسال
162,اسپوتنیک
163,زدن
164,طور
165,معنوی
166,قزاقستان
167,فاصله
168,روستایی
169,اعمال
170,می‌کنم
171,رضایت
172,جات
173,همیار
174,پناهگاهی
175,نظر
176,مشترک
177,اعلام
178,مجری
179,نامحسوس
180,پرماجرایی
181,سوء
182,جلیل
183,ایستگاه
184,استعدادهای
185,اعتکاف
186,سخنانش
187,یمن
188,یکی
189,آمده_است
190,خانواده
191,دیپلمات‌ها
192,خودرو
193,سازش
194,فرهیخته
195,جمهوری
196,اسم
197,مقطع
198,وسایل
199,دهی
200,مخاطره
201,بهانه‌ای
202,دلاری
203,سراسر
204,نمایشگاه
205,نمایان
206,مسئولین
207,اساس
208,خانواده‌ها
209,بزرگداشت
210,داشته_باشد
211,تاکنون
212,خواهیم_داشت
213,فرزندانش
214,ماموریت
215,وری
216,ابتکارات
217,طبیعت
218,درسیاره‌ای
219,توزیع
220,پذیرش
221,سابقه‌ی
222,خواهد_یافت
223,دوم
224,تعاون
225,هشتم
226,رفتاری
227,آینده
228,افول
229,حضرت
230,جاری
231,شین
232,صدای
233,باعث
234,زیرساخت‌ها
235,شدن
236,سخنگوی
237,مدافع
238,سلبریتی‌های
239,نشانه‌ای
240,شواهد
241,کرمانشاه
242,مارکو
243,مسابقات
244,بگیرند
245,رویترز
246,خنثی
247,راهکاری
248,ندیده‌ایم
249,حامل
250,خبرنگاران
251,راننده
252,قدرت
253,پنج
254,آمد
255,سرشار
256,دادن
257,وحشیانه
258,خواهیم_کرد
259,ولادت
260,دن
261,خوش
262,باشند
263,محول
264,بار
265,مخفیگاه
266,ولی
267,رودخانه
268,بیاندازد
269,نابلس
270,شیخ
271,گرفتار
272,دولتی
273,گرم
274,لذاست
275,میکنم
276,پیامی
277,کارهایی
278,دفاع
279,رژیم
280,تابان
281,شرکتها
282,همدلی
283,نیازی
284,بهتر
285,نادرست
286,تشکل‌های
287,یابد
288,مونسان
289,میهمانان
290,کور
291,اسدی
292,خواهان
293,مراسم
294,یونسکو
295,نظرسنجی
296,قدم
297,یابیم
298,مراحل
299,آموزان
300,متری
301,زیرزمینی
302,فرزند
303,هزینه‌ای
304,وصولی
305,مستقل
306,بیشترین
307,پروازی
308,پرستار
309,صدها
310,ساوینو
311,افزوده_شد
312,قبلی
313,ایمنی
314,موضوع
315,دموکراتیک
316,سلام
317,برپا
318,بگذارد
319,رعایت
320,رنگ‌های
321,تعطیل
322,سریال
323,میتواند
324,بینی
325,الله
326,فشارهای
327,ناملموس
328,موسیقی
329,انجمن
330,فعال
331,دهیم
332,همچون
333,پاکسازی
334,مهاباد
335,نقشه‌های
336,چه
337,شقایق
338,شوند
339,بخش‌های
340,تشکر
341,متعال
342,آن‌ها
343,فیلمی
344,بارو
345,پایگاه
346,شده‌اند
347,باغ
348,تاجیکستان
349,بسم
350,تشکرکنم
351,جور
352,راستای
353,غربی‌ها
354,مقدر
355,اطلاعات
356,پزشکی
357,کتاب
358,باراک
359,بازی
360,مقابل
361,دیرالزور
362,تخلف
363,نحوه
364,چهره
365,ارزش
366,نمی‌دانند
367,تاریخی
368,آمار
369,وخاک
370,فاش
371,عشایر
372,واقعا
373,آدمی
374,تمایل
375,مهندسی
376,داده_است
377,تعالی
378,تومان
379,تروریستی
380,هکرها
381,انگیزه
382,بررسی
383,کامیون
384,مهندسان
385,کنسانتره
386,آغاز
387,بیهوشی
388,رسیدند
389,جماعات
390,دایره
391,برنامه‌های
392,ایران
393,خواستار
394,نموده
395,شهدا
396,حلقه
397,بکشد
398,مشکلی
399,مبلغ
400,کشیده
401,مسیرهای
402,قرمز
403,اتفاقات
404,آب‌های
405,عرض
406,چنانچه
407,خواهد_رفت
408,ترتیب
409,سالم‌تر
410,ومردم
411,تولید
412,سرهنگ
413,لحظه
414,بازداشت
415,النهار
416,فلسطین
417,ولایت
418,خیلی
419,قشر
420,همچنین
421,نسل
422,تندرستی
423,مهم‌تر
424,دروغ
425,دان
426,رزرو
427,امیر
428,سرد
429,بلافاصله
430,بدن
431,اتاق
432,می‌کنید
433,صلابت
434,فرزندشان
435,خانه
436,جمعا
437,اقامتی
438,عبارت
439,رقابت
440,صورت
441,برپایی
442,تخلیه
443,آوریم
444,تهران
445,اجابت
446,نقشه‌ای
447,دلشاد
448,ما
449,گفتنی
450,مالی
451,باخدا
452,نقاط
453,مدلینگ
454,وجود
455,نکرده_است
456,پایلوت
457,گرفته_بود
458,شایسته
459,سید
460,شکستن
461,خصمانه
462,ثبت
463,شب
464,تغییر
465,گرفته
466,بخصوص
467,دولت
468,تعدادی
469,غیرنظامی
470,خانواده‌های
471,متوسطه
472,دنیا
473,امکان
474,عوارض
475,آئین
476,خوردروی
477,آنچه
478,مظهر
479,خواندن
480,استغناء
481,اداره
482,تعداد
483,رسانه
484,سیار
485,میلیاردی
486,هستی
487,فرودین
488,نجات
489,حسنه
490,جزئیاتی
491,بنده
492,نشاط
493,اهل
494,قندالی
495,اصلاح
496,ندارند
497,پخت
498,ع
499,حیدری
500,آید
501,سهم
502,سخنرانی
503,محسوب
504,رجبیه
505,همین
506,سازماندهی
507,بلکه
508,برداری
509,دستارودهای
510,آخر
511,نگاهی
512,صبح
513,مسئولیت
514,دعای
515,لحظات
516,گروه
517,اسفندماه
518,چوپی
519,کنیم
520,پندار
521,هستم
522,شاد
523,همت
524,اعظم
525,یافت
526,آقای
527,پروانه
528,بدانند
529,بان
530,می‌بینند
531,می‌آورد
532,مظنون
533,گانه
534,آفریقایی
535,لاشه
536,سفره‌های
537,پالمیری
538,مناسبت
539,اظهارنظری
540,بیست
541,متخصصین
542,ویدیو
543,معاونت
544,سازها
545,بدون
546,چابهار
547,قلبی
548,امنیتی
549,نرمال
550,مبرا
551,خواهند_داشت
552,دعا
553,رضوی
554,یکپارچگی
555,بستر
556,را
557,اقدام
558,جمعه
559,علوفه
560,من
561,گلوله
562,طبق
563,خاصی
564,اجازه
565,قضائی
566,مرکز
567,دچار
568,الحول
569,لیبی
570,خرید
571,رحم
572,جلب
573,اماکن
574,گرامی
575,فاز
576,ازبکستان
577,بانشاط
578,بداق
579,تحول
580,محکم
581,کمتر
582,ترک
583,کشورمان
584,تقویمی
585,کلید
586,صیانت
587,جابجا
588,فقیه
589,ساعته
590,رادر
591,هفتگی
592,نخست
593,بتواند
594,آیت
595,مولود
596,چشمگیری
597,رودخانه‌ها
598,آن
599,راس
600,قرائت
601,ضرورت
602,گفته_می‌شود
603,رد
604,خطاب
605,نزدیکی
606,کردستان
607,هدایت
608,پاریس
609,تهاجم
610,روبروست
611,شکرگزارم
612,حساسی
613,معتقدند
614,زایمان‌ها
615,بنا
616,تصریح
617,فوریه
618,چندین
619,در
620,هستیم
621,بودیم
622,بهشت
623,توییت‌های
624,ممنوعیت
625,بیمارستان‌های
626,مجلس
627,بسیج
628,لایزال
629,مقررات
630,نخبگان
631,گزارش
632,تقدیم
633,متخصصان
634,بحران
635,اثبات
636,حلول
637,هم
638,فرارسیدن
639,مازیار
640,مالواجرد
641,کاربران
642,خانواده‌اش
643,میراث
644,حملات
645,توییتر
646,کمپ
647,کشته_شدند
648,درباره
649,دعوت
650,چهارشنبه
651,بزرگترین
652,این‌ها
653,مسجد
654,شرایط
655,پدر
656,بندرعباس
657,اما
658,دیگر
659,زن
660,اصرار
661,کرمعلی
662,خباثت
663,خانم
664,بعضی
665,او
666,دارویی
667,حقوق
668,راه
669,متفاوت
670,سفرا
671,می‌خواهم
672,نوروزتان
673,دارایی
674,زمینی
675,کباب
676,خواهد_کرد
677,معنا
678,تلویزیونی
679,کرده_بود
680,استانداری
681,گزارشی
682,نقدینگی
683,سنن
684,بیشتری
685,احتمال
686,چوگان
687,مطبوعاتی
688,تسلیم
689,هزار
690,رواج
691,نظامی
692,چند
693,متوقف
694,خانوار
695,محروم
696,شورای
697,کارخانه
698,مسالت
699,ابوترابی
700,دست
701,وضوح
702,رئیس
703,انسان‌ها
704,نهاوندی
705,سایه
706,زیاد
707,داخلی
708,ویژه
709,بدهد
710,برطرف
711,بیمارستان
712,دانشمندان
713,درود
714,نظرات
715,پاک
716,پرونده‌های
717,سومین
718,میتوانم
719,تقارن
720,موضع
721,وسیعی
722,دورن
723,اسکان
724,فرصت‌ها
725,بهداشت
726,قاسمی
727,هدف
728,نارسا
729,توفیقات
730,دستاوردهای
731,صنعت
732,عمر
733,پنهان
734,نگهداری
735,جدیدشروع
736,حالت‌ها
737,معظم
738,مقصد
739,مشاور
740,ویژگی‌های
741,تاب
742,ملت‌ها
743,برسطح
744,دانست
745,متاسفانه
746,فرودگاه
747,تورهای
748,معرفی
749,کرده_است
750,دو
751,چیست
752,همزمان
753,نسبت
754,موفقیت‌های
755,بنیاد
756,کشیده_بود
757,دادم
758,اندیشیده
759,زودهنگامی
760,اینها
761,خارج
762,میدارند
763,پول
764,مدیر
765,متصور
766,روی
767,ارواح
768,کشف
769,کارشناس‌ها
770,فیزیولوژیکی
771,دقیق
772,اکیپ‌های
773,اساتید
774,ایشان
775,سبب
776,تصویر
777,شاءالله
778,معرفت
779,کشور
780,بهتری
781,طرح‌های
782,ه
783,واحد
784,نکنند
785,بگویم
786,هدف‌های
787,قرمزی
788,سوم
789,و
790,استاندار
791,باید
792,پرتره‌ای
793,خواهد_داشت
794,می‌تواند
795,مشارکت
796,صنایع
797,بنی
798,آمریکا
799,همراهی
800,بت
801,برگزارشد
802,ارمغان
803,غول‌های
804,البته
805,نمیتوانم
806,فکر
807,مدیرعامل
808,مشابه
809,پرورش
810,سالن
811,ناامید
812,چیزهای
813,معماری
814,گردشگری
815,بهسازی
816,تدابیری
817,نوزادی
818,مشهور
819,توییت
820,واقعیت
821,بیگانگان
822,سیستم
823,الهی
824,اقصی
825,منصفانه
826,غیرساختمانی
827,هانیه
828,بضاعت
829,احسن
830,مقلب
831,جهت
832,متهمان
833,داشته‌های
834,طوری
835,پیشگیرانه
836,تاکید
837,عیدتان
838,کردن
839,مجموعه
840,نفر
841,توان
842,تهدید
843,بازنگری
844,خدا
845,فرسوده
846,کاهش
847,مشمول
848,رباتیک
849,پلیس
850,اردوگاه
851,مازاد
852,برود
853,اردویی
854,اقتصادی
855,کنترل
856,اختصاص
857,مدارس
858,اوج
859,اقدامات
860,معتکفین
861,پر
862,درباه
863,برابر
864,سمت
865,ریختند
866,جشن‌های
867,بتوانند
868,تقاضایی
869,پیرو
870,میدان
871,مدت
872,با
873,اسلام
874,گام
875,جعل
876,اجرائی
877,برخورد
878,شده
879,منع
880,نیم
881,مفاخر
882,حل
883,انتخاب
884,احساس
885,میلیون
886,خواهم_انداخت
887,درخشید
888,اگر
889,باوردنکردنی
890,پیشرفت
891,دیگران
892,دستگاه‌های
893,تمام
894,درصدی
895,باستانی
896,روزی
897,نهایت
898,رضا
899,برپاشده‌اند
900,تلفن
901,کنوانسیون
902,قرار
903,کنفرانس
904,می‌برد
905,مقامات
906,اظهارکرد
907,داده‌اند
908,دنبال
909,بمباران
910,جانشان
911,انتهای
912,نخستین
913,پایتخت
914,مکان‌های
915,امشب
916,شدیدی
917,همواره
918,هستند
919,حاضرند
920,طبیعی
921,خواهد_بود
922,حمله
923,چیزی
924,خارجه
925,اختیاری
926,نیازمند
927,معرض
928,مغتنم
929,درمان
930,سالگرد
931,کشیده_بودند
932,رستمی
933,جهان
934,داشته_است
935,عملی
936,خط
937,صف‌های
938,نخبه
939,متعدد
940,تولد
941,عمومی
942,ملت
943,صمیمانه
944,صدر
945,برخوردار
946,وزیر
947,اللیل
948,فیس
949,جلوتر
950,کننده
951,خواهند_گذاشت
952,پیمایی
953,مشکلات
954,خصوص
955,می‌دهد
956,راهکار
957,نداشتن
958,بحمدالله
959,حفر
960,بیت
961,دموکرات‌ها
962,چاه‌های
963,سعید
964,پژمان
965,گذراندیم
966,متقیان
967,معیشتی
968,دارای
969,انتظار
970,شناسایی
971,توضیحاتی
972,شرکت‌های
973,دامی
974,دندونی
975,قضایی
976,نرخ
977,شد
978,اختیار
979,تیم‌های
980,اسناد
981,نوروز
982,انتظامی
983,بودجه
984,بهترین
985,رسید
986,محسوس
987,مغزی
988,قرقیزستان
989,اسرا
990,کالای
991,اجرای
992,جریمه
993,داخل
994,پیروزی
995,هنگام
996,فناوری
997,ساکی
998,محدودیت‌های
999,محور
1000,مصداق
1001,دریافت
1002,آب
1003,کنار
1004,فصل‌ها
1005,اثر
1006,افراد
1007,ید
1008,فدای
1009,منظور
1010,آموز
1011,اوقات
1012,رامورد
1013,عنایت
1014,دیده
1015,عظیم
1016,لایحه
1017,کودکان
1018,ملی
1019,سرشناس
1020,الان
1021,وزارت
1022,فوری
1023,نورد
1024,هردوی
1025,همراه
1026,درختان
1027,فرمود
1028,پنجاه
1029,گفتگو
1030,فوتبال
1031,مردم
1032,ریختن
1033,خروجی
1034,می‌آیند
1035,نفع
1036,شکست
1037,اتوبوس
1038,طلبانه
1039,گفته_است
1040,هند
1041,بمب‌های
1042,خطر
1043,گردی
1044,امسال
1045,دکتر
1046,داغ
1047,ابولیلی
1048,آنان
1049,سرویس‌های
1050,گذاران
1051,آزاد
1052,فلسفه
1053,موردتوجه
1054,بازیبا
1055,مسکن
1056,قاچاق
1057,عمل
1058,زودرس
1059,راحت‌تر
1060,بوده_است
1061,هنیه
1062,شهادتش
1063,داوود
1064,حالا
1065,می‌کوبد
1066,سالی
1067,نوزادهایی
1068,حتما
1069,سیلاب
1070,خبرنگار
1071,برنامه‌ها
1072,روزهای
1073,پیدا
1074,شنبه
1075,پرداخت
1076,شاهد
1077,نبوده_است
1078,گذاری
1079,توریست‌های
1080,افاده
1081,عزیز
1082,صدور
1083,می‌گذارد
1084,درگاه
1085,چهارمین
1086,مبنی
1087,نگفت
1088,توسعه
1089,سراوان
1090,مسیل‌ها
1091,دل
1092,سی
1093,دشمنی
1094,گذشته
1095,نیست
1096,حدود
1097,تخصیص
1098,یدک
1099,عشق
1100,مقام
1101,فرماندهی
1102,فضانوردان
1103,مرور
1104,سفر
1105,اعتراض
1106,وحدت
1107,بافت
1108,برگزار
1109,انجام
1110,خاش
1111,صحنه
1112,سیر
1113,موقت
1114,هورمونی
1115,قدر
1116,آلمانی
1117,ام
1118,عادی
1119,منطقه
1120,حد
1121,آنها
1122,حرکت‌های
1123,تعطیلات
1124,نظیری
1125,مدهای
1126,استانداران
1127,منزل
1128,عصر
1129,بیفتد
1130,جناب
1131,آمیز
1132,تقابل
1133,سرباز
1134,پدرشان
1135,حجت
1136,نگاه
1137,کابوس
1138,زمین
1139,سنگین‌ترین
1140,مجمع
1141,نوروزی
1142,فرهنگیان
1143,موجب
1144,زردی
1145,صلوات
1146,دانلود
1147,بایستی
1148,حکمفرماست
1149,بستری
1150,ترافیکی
1151,سند
1152,خود
1153,می‌افتاد
1154,هنگامی
1155,همه
1156,نوزادان
1157,معین
1158,نمونه‌های
1159,اخر
1160,ورزشگاه
1161,نظیر
1162,حرم
1163,توفیق
1164,تامین
1165,گذاری‌ها
1166,خیر
1167,نواز
1168,برخی
1169,میهنان
1170,نادیده
1171,تاج
1172,بررسی‌ها
1173,گفت
1174,رییس
1175,برند
1176,مسائلی
1177,شماست
1178,سلاح
1179,پیام
1180,نشان
1181,مقدم
1182,محدوده
1183,سفرهایی
1184,امر
1185,تناسب
1186,تصمیم
1187,ژست‌های
1188,الرحیم
1189,شده_است
1190,عبور
1191,تاریخ
1192,کرده‌اند
1193,بانکی
1194,مبارک
1195,می‌کنند
1196,مسافر
1197,ریه
1198,تب
1199,تعیین
1200,فرسودگی
1201,جاذبه‌های
1202,حرکت
1203,ناسا
1204,نماز
1205,فدایی
1206,نشده_باشد
1207,ختم
1208,ترکمنستان
1209,مبارزه
1210,کشت
1211,پایان
1212,پارسال
1213,بزرگوار
1214,دوربین
1215,رند
1216,وهمچنین
1217,نقطه
1218,موجود
1219,تخلفات
1220,ورودی
1221,محتواهای
1222,متولد
1223,اوباما
1224,شاکرم
1225,آبروی
1226,روش
1227,ایستادگی
1228,رویدادهای
1229,رفاهی
1230,طوریکه
1231,بعد
1232,نشانگر
1233,آسیا
1234,منجر
1235,کتبی
1236,اروپا
1237,تن
1238,زمینه‌ی
1239,آناتولی
1240,فرزانه
1241,سال
1242,ادامه
1243,مطرح
1244,شهادت
1245,باشید
1246,خواهم_داد
1247,گرفتند
1248,فهرست
1249,عید
1250,گاز
1251,خودروی
1252,خواهد_خورد
1253,جمله‌ی
1254,داده
1255,استانی
1256,عادلانه
1257,سیاست
1258,زرد
1259,بارداری
1260,تقدیر
1261,حال
1262,برگزیدند
1263,تحویل
1264,ملکی
1265,مطالعه
1266,نوزادشان
1267,تکامل
1268,محب
1269,حداکثر
1270,زیر
1271,سپاسگزارم
1272,جلوگیری
1273,باغوز
1274,جمله
1275,پالایشگاه
1276,سپس
1277,الرحمن
1278,نعمت
1279,مصوب
1280,ثمر
1281,شادی
1282,نمایندگان
1283,موفقیت
1284,موارد
1285,هوایی
1286,خواهند_بود
1287,بهمن
1288,بخش
1289,سرپوشیده
1290,کد
1291,غلامرضا
1292,رهبر
1293,مقدس
1294,توییت‌ها
1295,فرانسه
1296,نشست
1297,مشکلاتی
1298,آوردم
1299,تاریخ‌های
1300,دیگری
1301,امامزادگان
1302,درخواست
1303,عکس
1304,معلم
1305,الزامی
1306,العهد
1307,شبکه‌های
1308,پلتفرم
1309,گرایش
1310,بمراتب
1311,می‌خورد
1312,مدیریتهای
1313,استفاده
1314,ودوم
1315,ترکیب‌های
1316,اساسی
1317,باشکوه
1318,پرتردد
1319,اقدام‌های
1320,باتقوا
1321,تردد
1322,زندگی
1323,سلفیت
1324,آخرین
1325,مواظب
1326,دشمنان
1327,از
1328,تهیه
1329,طرف
1330,دستگاه
1331,مسئولان
1332,دهند
1333,خداوند
1334,کشیدن
1335,بر
1336,خبرگزاری
1337,هزاران
1338,درون
1339,درخصوص
1340,تقلبی
1341,همه‌ی
1342,شاید
1343,فشار
1344,صف
1345,بصیرت
1346,عدم
1347,شناسی
1348,یادماندنی‌ترین
1349,نخواهد_کرد
1350,استادیوم
1351,برکاته
1352,تبیین
1353,منمائیم
1354,شاخه‌های
1355,بهانه
1356,فراوان
1357,عرصه‌ی
1358,رسیدن
1359,استان‌های
1360,افرادی
1361,چیزهایی
1362,افتتاح
1363,دشمن
1364,منتشر
1365,شرعی
1366,حتی
1367,ایرانی
1368,الابصار
1369,دانشگاهیان
1370,کرد
1371,قتل
1372,شویم
1373,مسائل
1374,می‌نمایم
1375,داشتند
1376,آموزی
1377,هراسی
1378,اقتصاد
1379,قصد
1380,واکنش‌های
1381,ابتدایی
1382,سیلاب‌ها
1383,می‌گیرند
1384,معاهده
1385,اجرایی
1386,مهمانان
1387,ارایه
1388,مالیات
1389,عمرانی
1390,مجموع
1391,غیر
1392,دیدنی
1393,پژوهش‌های
1394,روابط
1395,معامله
1396,نهاوند
1397,تجلیل
1398,بودند
1399,کاخ
1400,وزنی
1401,فرصت
1402,سنگ
1403,دهمین
1404,علیکم
1405,وضعیتی
1406,دستگیر
1407,عنوان
1408,مقتدر
1409,می‌شود
1410,انسان
1411,امیدوارم
1412,بهداشتی
1413,زنان
1414,اشتغال
1415,اجتماعی
1416,بازآفرینی
1417,نکته
1418,داشته_باشند
1419,توانست
1420,معروف
1421,وی
1422,خاموش
1423,خوب
1424,ترافیک
1425,عذرخواهی
1426,وظایفش
1427,متوجه
1428,عجیب
1429,الهام
1430,گیری
1431,حالنا
1432,گردشگران
1433,نهاده
1434,غیرمجاز
1435,ایتالیایی
1436,سرمایه
1437,جاذبه‌ها
1438,کل
1439,اتحاد
1440,آذربایجان
1441,حوزه
1442,خاطرنشان
1443,آتش
1444,سالم
1445,آمارهای
1446,اولین
1447,موزه
1448,همراهش
1449,جمهور
1450,اهمیت
1451,روان
1452,دانش
1453,شهر
1454,پراکنی
1455,می‌دهند
1456,درآمد
1457,سنت
1458,نام‌ها
1459,دام‌های
1460,راهی
1461,نخعی
1462,عترت
1463,عبده
1464,اطمینان
1465,شیشه‌های
1466,کارت
1467,معتکف
1468,رنگ
1469,مخاطبان
1470,مختصر
1471,واکنش
1472,اتمسفر
1473,میفرستم
1474,زیبایی‌های
1475,ادعا
1476,راه‌های
1477,سیستان
1478,ز
1479,تروریست‌ها
1480,جبهه
1481,ارائه
1482,فرودگاه‌های
1483,احداث
1484,دادگاه
1485,اعتبار
1486,سرویس
1487,عجیبی
1488,تئوری‌های
1489,مصدومان
1490,مدیران
1491,تاثیر
1492,خرم
1493,مدیرکل
1494,ایالات
1495,سد
1496,پیشگاه
1497,توانایی
1498,انسجام
1499,باردار
1500,هوشیاری
1501,دریا
1502,سازی
1503,جنسیت
1504,داشته‌ها
1505,محدود
1506,اسرائیلی
1507,اجلاس
1508,ارزیابی
1509,نیرو
1510,پخش
1511,پدری
1512,که
1513,خجسته
1514,مقابله
1515,رسانی
1516,مرتبط
1517,کعبه
1518,آباد
1519,ترامپ
1520,کوتاهی
1521,بیش
1522,آنکه
1523,بارش‌های
1524,افت
1525,وبگردی
1526,شدند
1527,مدرسه
1528,مساجد
1529,رسم
1530,اتوبان
1531,شدیم
1532,شهیدی
1533,بلوچستان
1534,خدای
1535,به
1536,باورتان
1537,الملل
1538,درس
1539,هیچ
1540,غذای
1541,مدعی
1542,حساس
1543,زیردریایی
1544,دوباره
1545,گرفته_می‌شود
1546,جمعیت
1547,اخطار
1548,جوان
1549,پیگیری
1550,ورود
1551,استعانت
1552,داشته
1553,براساس
1554,داریم
1555,ایتالیا
1556,هشدار
1557,ایرانشهر
1558,فراهم
1559,پایدار
1560,کردیم
1561,امیرمومنان
1562,سعادت
1563,شور
1564,می‌شوند
1565,آثار
1566,عاون
1567,شامل
1568,آوری
1569,فنی
1570,ندارد
1571,گونه
1572,محتویات
1573,گرفتن
1574,اینکه
1575,اندیشه
1576,می‌دهم
1577,شبانگاهی
1578,مرکزی
1579,نیزاز
1580,مسیر
1581,جمعی
1582,دیدگاه
1583,ابتکاری
1584,اتهام
1585,کاری
1586,می‌کند
1587,خبر
1588,پرطروات
1589,بندگانش
1590,پز
1591,ماه
1592,درخشان
1593,بکشند
1594,خاص
1595,بیان
1596,عملکرد
1597,واشنگتن
1598,قابل
1599,رسیدگی
1600,اصغر
1601,گروهی
1602,الحال
1603,آبی
1604,دستی
1605,نقشه‌ها
1606,انزوای
1607,تصادفات
1608,سیاسی
1609,تحریمهای
1610,لاکچری
1611,امکانات
1612,حجم
1613,برای
1614,خواه
1615,باشیم
1616,لحظه‌های
1617,شرح
1618,دهنده
1619,خودروهای
1620,وضعیت
1621,پاسگاه‌های
1622,ستادهای
1623,استاندارکرمان
1624,زیبا
1625,رسیده_است
1626,سالاری
1627,پوشک
1628,گرد
1629,نژاد
1630,جبران
1631,میلان
1632,سوریه
1633,هماهنگی
1634,سوار
1635,پایایی
1636,تنظیم
1637,شناخته_می‌شود
1638,جایی
1639,بدهم
1640,خاک
1641,بنابراین
1642,جلسات
1643,ح
1644,فازهای
1645,زیارت
1646,سلامت
1647,احیاء
1648,شهری
1649,بمباران‌ها
1650,کردم
1651,کمپ‌های
1652,جزئیات
1653,دارند
1654,ناوگان
1655,خواهد_زد
1656,می‌دانم
1657,کنونی
1658,ترند
1659,روزها
1660,کیلومتر
1661,گروه‌ها
1662,غریب
1663,مورد
1664,تومانی
1665,استعداد
1666,سپری
1667,قطب‌های
1668,مالکان
1669,مدتی
1670,ازدواج
1671,عموم
1672,نخواهید_بود
1673,جهانی
1674,پرتلاش
1675,نمی‌شناسند
1676,ریاست
1677,گوگل
1678,انقباضات
1679,مومنان
1680,میزان
1681,خوشبختانه
1682,حفظ
1683,اسفند
1684,ظرفیت‌های
1685,زنده
1686,همکاران
1687,اضافه
1688,صحبت‌های
1689,کارهای
1690,مهرآباد
1691,توفیقی
1692,تبریک
1693,خشم
1694,رزم
1695,باشد
1696,بشود
1697,استانی‌های
1698,انتخابات
1699,اکیپ
1700,اطلاع
1701,سخنان
1702,می‌شد
1703,شدید
1704,فاجعه
1705,تروریست‌های
1706,حکم
1707,حساسیت
1708,باز
1709,رتبه
1710,مهربان
1711,پویایی
1712,سنندج
1713,راهنمایی
1714,درصد
1715,شما
1716,ارواحنا
1717,برسد
1718,حذف
1719,مشاهده
1720,ایفای
1721,خشکی
1722,نتایج
1723,صفحه
1724,عملیاتی
1725,مناطق
1726,مدیریت
1727,سرعت
1728,دهد
1729,اظهار
1730,شهرهای
1731,نقشه
1732,نتانیاهو
1733,جریان
1734,خارجی
1735,هیبت
1736,الی
1737,عام
1738,بسیاری
1739,نیایش
1740,ساختن
1741,مادی
1742,تدابیر
1743,ملتهایی
1744,سوی
1745,کردند
1746,بقاع
1747,اطلاعاتی
1748,اراده
1749,آیین
1750,برسیم
1751,قادر
1752,کمپ‌ها
1753,فرماید
1754,شماره
1755,فضای
1756,بخوانید
1757,ساخت
1758,کسانی
1759,نماینده
1760,است
1761,فریاد
1762,بنیامین
1763,اصلی
1764,شهرستانی
1765,افزود
1766,قبل
1767,تبعیض
1768,اتفاق
1769,هر
1770,طی
1771,دفتر
1772,پرواز
1773,مرج
1774,کنند
1775,واقعی
1776,اجحاف
1777,بویژه
1778,تایید
1779,ایجاد
1780,منطقه‌ای
1781,کمک
1782,فداه
1783,شایستگی‌ها
1784,رحمهالله
1785,وقوع
1786,کوچک
1787,پایگاه‌های
1788,بکنند
1789,سلبریتی
1790,می‌زنند
1791,درمدار
1792,انکار
1793,کرده
1794,سفرفضانوردان
1795,زحمات
1796,ان
1797,خدمت
1798,جز
1799,بلوک
1800,سرپرستی
1801,جمهوریت
1802,خودشان
1803,تانکردار
1804,سال‌های
1805,سزارین
1806,میلیارد
1807,شیعیان
1808,یعنی
1809,شرکت
1810,خبرداد
1811,السادات
1812,آتا
1813,داده_شده_است
1814,افزوده_می‌شود
1815,آسم
1816,موسقی
1817,گیاهان
1818,نامه
1819,مسلح
1820,برانگیخته
1821,کاربر
1822,گریبان
1823,نزدیک
1824,کسی
1825,افزوده
1826,حمید
1827,تجهیز
1828,افغانستان
1829,افزایش
1830,طرح‌ها
1831,یاد
1832,محبت‌ها
1833,موسوی
1834,دارد
1835,زمینه
1836,ازهمراهی
1837,افتخار
1838,ریزی
1839,حریرچی
1840,تغذیه
1841,مردانی
1842,آواره
1843,همگان
1844,یارانه
1845,اجرا
1846,جمکران
1847,مواجه
1848,تحقق
1849,بوده‌اند
1850,رویش‌های
1851,سوانح
1852,شرکتهای
1853,میلادی
1854,گناه
1855,خواهد_شد
1856,پیوندهای
1857,امنیت
1858,انگار
1859,بین
1860,احوال
1861,آداب
1862,جشن
1863,اخیر
1864,مقاومت
1865,روح
1866,آمریکایی
1867,همکاری
1868,گفته
1869,بتوان
1870,علیرضا
1871,سال‌ها
1872,انتخاباتی
1873,الاصل
1874,تسلط
1875,دادمان
1876,بکار
1877,دونالد
1878,هوش
1879,درآمدی
1880,پدران
1881,جملات
1882,پدیدار
1883,رفتار
1884,فرصتی
1885,جامع
1886,ماه‌های
1887,گرفت
1888,وفا
1889,مسعود
1890,متخلفان
1891,شاهرخی
1892,قبولی
1893,موید
1894,صحبت
1895,برگشت
1896,سیف
1897,واقعیتی
1898,زیادی
1899,گیری‌های
1900,یون‌های
1901,برهم
1902,ایرنا
1903,بهره
1904,مدافعان
1905,رغم
1906,ثابت
1907,محمد
1908,نگرش
1909,بگوییم
1910,میشود
1911,میان
1912,مسئله‌ی
1913,متن
1914,وظایف
1915,مدیترانه
1916,مقصود
1917,خیران
1918,جذب
1919,روز
1920,اسلامی
1921,تولدهای
1922,کوتاه
1923,نیاز
1924,حاضر
1925,مسئله
1926,سوری
1927,مولای
1928,مراقب
1929,آماده
1930,سازه‌ای
1931,غرب
1932,تنها
1933,شبانه
1934,نگران
1935,مزار
1936,مرمت
1937,ائمه
1938,سرزمین
1939,همپیمانان
1940,بزرگ
1941,زیرا
1942,خودنمایی
1943,جای
1944,تا
1945,والسلام
1946,جالب
1947,پروازهای
1948,پس
1949,شهرت
1950,سبک
1951,ماست
1952,پیمانانش
1953,بازسازی
1954,کم
1955,جنین
1956,آتی
1957,جماعت
1958,رسان
1959,خصوصی
1960,میانگین
1961,ستاد
1962,برگ
1963,همزمانی‌های
1964,رخ
1965,میزبانی
1966,مهم‌ترین
1967,افتادن
1968,اغلب
1969,مناسک
1970,خانواده‌ی
1971,مادران
1972,نیمی
1973,میکند
1974,گذشتند
1975,متبرکه
1976,جنوب
1977,فعالیت
1978,مسجدالاقصی
1979,المللی
1980,علمی
1981,حفاظت
1982,عظمت
1983,برگردد
1984,تازه
1985,فرار
1986,توجیه
1987,کارشناسان
1988,سفرای
1989,خاطر
1990,کمکدار
1991,حماس
1992,دستور
1993,حریم
1994,داشته_باشیم
1995,لری
1996,بالاست
1997,پروژه‌های
1998,دستکاری
1999,مهم
2000,الکتیو
2001,جانبازان
2002,می‌توانید
2003,دام
2004,چالش
2005,تلگراف
2006,تمدن
2007,هک
2008,د
2009,نوزادانی
2010,فراموش
2011,معنی
2012,افزون
2013,روزانه
2014,بنزین
2015,زمان
2016,بیانگر
2017,نوسازی
2018,چگونه
2019,شهدای
2020,حضور
2021,استمرار
2022,رمضان
2023,رقه
2024,منظم
2025,آموزش
2026,سلاح‌های
2027,لاکچری‌ترین
2028,می‌کرد
2029,گونه‌ای
2030,مانند
2031,همچنان
2032,دریای
2033,معاون
2034,پلاک
2035,مرگ
2036,ممنوعه
2037,جلسه
2038,زیربنائی
2039,آزادگی
2040,علیه
2041,عهد
2042,حداقل
2043,ورزش
2044,سلطان
2045,الاسلام
2046,جنبش
2047,کلی
2048,خودم
2049,مقاوم
2050,پرونده
2051,برگزاری
2052,تلاش
2053,روزنامه
2054,رساندن
2055,بناست
2056,علی
2057,متحده
2058,نیکشهر
2059,حمایت
2060,ساختمان
2061,جواد
2062,شهرسازی
2063,کشاورزی
2064,پاون
2065,بنابر
2066,قبیل
2067,فصول
2068,زایمان
2069,اقامت
2070,قطعا
2071,گانتس
2072,رقم
2073,تکریم
2074,بسیار
2075,نیز
2076,خدمات
2077,اوت
2078,وزرا
2079,سیدمحمد
2080,بارز
2081,امیدواریم
2082,بلوک‌های
2083,چشمگیر
2084,می‌توانیم
2085,نشود
2086,اسکناس
2087,جنوبی
2088,مهاجری
2089,انتقام
2090,فسفری
2091,نباید
2092,گل
2093,کرمان
2094,تحقیق
2095,عین
2096,هواپیماهای
2097,سیدحسن
2098,نیروهای
2099,امام
2100,بهرام
2101,حسینی
2102,منابع
2103,طرح
2104,نتیجه
2105,پناهندگان
2106,پژوهش
2107,کنارک
2108,شعار
2109,بخشی
2110,تقریبا
2111,برکت
2112,هزینه‌ی
2113,نقل
2114,داعش
2115,دلیل
2116,بودن
2117,گرفته_است
2118,ادبیات
2119,نظری
2120,گذشت
2121,دوران
2122,نقاشی
2123,مضاعفی
2124,می‌کشید
2125,خاطرات
2126,خوبی
2127,سپتامبر
2128,نمونه
2129,دور
2130,هرج
2131,فضایی
2132,آشناتر
2133,ضمن
2134,پائیز
2135,کند
2136,سه
2137,مدرسه‌ای
2138,ارزان
2139,قیمت
2140,توسعه‌ی
2141,مجازی
2142,بحث
2143,شایعه
2144,بازدید
2145,فوت
2146,منبع
2147,هولناک
2148,محورهای
2149,دوره
2150,شهرستان
2151,سنگر
2152,ببرند
2153,شاخه
2154,روزافزون
2155,سطحی
2156,وقتی
2157,نسرین
2158,مجددا
2159,تولیدات
2160,نداشته
2161,شش
2162,بنشیند
2163,عزیزمان
2164,تولدها
2165,رئیسی
2166,کسری
2167,قالب
2168,ضربتی
2169,شدم
2170,امور
2171,م
2172,ارتش
2173,ساعت
2174,ملیتی
2175,می‌دانند
2176,بگیرد
2177,جامعه
2178,فدائی
2179,قرآن
2180,ظرفیت
2181,معنای
2182,نکاتی
2183,بوده
2184,فرهنگی
2185,ماموران
2186,بیشتر
2187,خودجوش
2188,دلبستگی
2189,اسماعیل
2190,موفقیت‌ها
2191,مطهر
2192,گران
2193,داشت
2194,شهرزاد
2195,استان
2196,فروردین
2197,ساله
2198,نارسایی
2199,هزینه‌های
2200,فصل
2201,بی
2202,گولان
2203,همدان
2204,والدین
2205,کاشتند
2206,ناامیدی
2207,سازمان
2208,امروز
2209,می‌رسد
2210,منش
2211,واضح
2212,ویژه‌ای
2213,رو
2214,حاشیه
2215,شود
2216,قانونی
2217,اصطلاح
2218,نه
2219,بیانات
2220,محمدجواد
2221,نام
2222,هرساله
2223,اصحاب
2224,اظهارداشت
2225,حول
2226,می‌توانند
2227,آفرینی
2228,نکردن
2229,گرائیده
2230,سرنوشت
2231,کنم
2232,فعلا
2233,گشت
2234,وفاق
2235,کره
2236,میسر
2237,توجه
2238,میلاد
2239,مقتدرانه‌ای
2240,داره
2241,بود
2242,عملیات
2243,زابل
2244,آسیایی
2245,اول
2246,محوری
2247,پایین
2248,شده_بود
2249,تحت
2250,شریف
2251,دینی
2252,کیلوگرم
2253,بالا
2254,شهیدان
2255,کوچکی
2256,برق
2257,مقبره
2258,راسک
2259,مردمی
2260,ایالت
2261,هفته
2262,تعادل
2263,حاوی
2264,خزانه
2265,کودک
2266,جوانان
2267,بهترین‌ها
2268,تسهیلات
2269,تصرفات
2270,مناسب
2271,کامل
2272,واجب
2273,رفاه
2274,طولانی
2275,ریال
2276,رونق
2277,پوشش
2278,وام
2279,محله
2280,شیک
2281,شامگاه
2282,عصبانیت
2283,مواصلاتی
2284,موسوم
2285,جدی
2286,حالی
2287,توضیح
2288,عامل
2289,ماهه
2290,مصارف
2291,زمستان
2292,مداوم
2293,پاکستان
2294,صوت
2295,نجیب
2296,نقلیه
2297,چیز
2298,تنفسی
2299,خامنه‌ای
2300,بشر
2301,مهمترین
2302,شروع
2303,سابق
2304,اله
2305,القلوب
2306,سطح
2307,روبات
2308,توسط
2309,آسمانی
2310,هتل‌ها
2311,پرورشی
2312,نقش
2313,کلان
2314,گردشگر
2315,محلی
2316,باشگاه
2317,طول
2318,بهار
2319,یک
2320,صندوق
2321,هماهنگی‌های
2322,می‌کنیم
2323,ابتدای
2324,رویداد
2325,امیدی
2326,تغییرات
2327,تمامی
2328,نمی‌شود
2329,مشارکت‌های
2330,هاست
2331,اهداف
